,https://www.espn.com/nba/player/_/id/4278077/jarred-vanderbilt
malcolm brogdon,https://www.espn.com/nba/player/_/id/2566769/malcolm-brogdon
jaylen brown,https://www.espn.com/nba/player/_/id/3917376/jaylen-brown
jd davison,https://www.espn.com/nba/player/_/id/4576085/jd-davison
danilo gallinari,https://www.espn.com/nba/player/_/id/3428/danilo-gallinari
blake griffin,https://www.espn.com/nba/player/_/id/3989/blake-griffin
sam hauser,https://www.espn.com/nba/player/_/id/4065804/sam-hauser
al horford,https://www.espn.com/nba/player/_/id/3213/al-horford
justin jackson,https://www.espn.com/nba/player/_/id/3138156/justin-jackson
mfiondu kabengele,https://www.espn.com/nba/player/_/id/4065660/mfiondu-kabengele
luke kornet,https://www.espn.com/nba/player/_/id/3064560/luke-kornet
payton pritchard,https://www.espn.com/nba/player/_/id/4066354/payton-pritchard
marcus smart,https://www.espn.com/nba/player/_/id/2990992/marcus-smart
jayson tatum,https://www.espn.com/nba/player/_/id/4065648/jayson-tatum
noah vonleh,https://www.espn.com/nba/player/_/id/3078284/noah-vonleh
derrick white,https://www.espn.com/nba/player/_/id/3078576/derrick-white
grant williams,https://www.espn.com/nba/player/_/id/4066218/grant-williams
robert williams iii,https://www.espn.com/nba/player/_/id/4066211/robert-williams-iii
nic claxton,https://www.espn.com/nba/player/_/id/4278067/nic-claxton
seth curry,https://www.espn.com/nba/player/_/id/2326307/seth-curry
david duke jr.,https://www.espn.com/nba/player/_/id/4397107/david-duke-jr
kevin durant,https://www.espn.com/nba/player/_/id/3202/kevin-durant
kessler edwards,https://www.espn.com/nba/player/_/id/4397693/kessler-edwards
joe harris,https://www.espn.com/nba/player/_/id/2528794/joe-harris
kyrie irving,https://www.espn.com/nba/player/_/id/6442/kyrie-irving
patty mills,https://www.espn.com/nba/player/_/id/4004/patty-mills
markieff morris,https://www.espn.com/nba/player/_/id/6461/markieff-morris
royce o'neale,https://www.espn.com/nba/player/_/id/2583632/royce-oneale
day'ron sharpe,https://www.espn.com/nba/player/_/id/4432194/dayron-sharpe
ben simmons,https://www.espn.com/nba/player/_/id/3907387/ben-simmons
edmond sumner,https://www.espn.com/nba/player/_/id/3136485/edmond-sumner
cam thomas,https://www.espn.com/nba/player/_/id/4432174/cam-thomas
t.j. warren,https://www.espn.com/nba/player/_/id/2982334/tj-warren
yuta watanabe,https://www.espn.com/nba/player/_/id/3133838/yuta-watanabe
alondes williams,https://www.espn.com/nba/player/_/id/4592216/alondes-williams
ryan arcidiacono,https://www.espn.com/nba/player/_/id/2991047/ryan-arcidiacono
rj barrett,https://www.espn.com/nba/player/_/id/4395625/rj-barrett
jalen brunson,https://www.espn.com/nba/player/_/id/3934672/jalen-brunson
evan fournier,https://www.espn.com/nba/player/_/id/6588/evan-fournier
quentin grimes,https://www.espn.com/nba/player/_/id/4397014/quentin-grimes
isaiah hartenstein,https://www.espn.com/nba/player/_/id/4222252/isaiah-hartenstein
daquan jeffries,https://www.espn.com/nba/player/_/id/3913220/daquan-jeffries
trevor keels,https://www.espn.com/nba/player/_/id/4432645/trevor-keels
miles mcbride,https://www.espn.com/nba/player/_/id/4431823/miles-mcbride
svi mykhailiuk,https://www.espn.com/nba/player/_/id/3133602/svi-mykhailiuk
immanuel quickley,https://www.espn.com/nba/player/_/id/4395724/immanuel-quickley
julius randle,https://www.espn.com/nba/player/_/id/3064514/julius-randle
cam reddish,https://www.espn.com/nba/player/_/id/4395627/cam-reddish
mitchell robinson,https://www.espn.com/nba/player/_/id/4351852/mitchell-robinson
derrick rose,https://www.espn.com/nba/player/_/id/3456/derrick-rose
jericho sims,https://www.espn.com/nba/player/_/id/4277922/jericho-sims
obi toppin,https://www.espn.com/nba/player/_/id/4278355/obi-toppin
julian champagnie,https://www.espn.com/nba/player/_/id/4592479/julian-champagnie
joel embiid,https://www.espn.com/nba/player/_/id/3059318/joel-embiid
james harden,https://www.espn.com/nba/player/_/id/3992/james-harden
montrezl harrell,https://www.espn.com/nba/player/_/id/2991055/montrezl-harrell
tobias harris,https://www.espn.com/nba/player/_/id/6440/tobias-harris
danuel house jr.,https://www.espn.com/nba/player/_/id/2991155/danuel-house-jr
louis king,https://www.espn.com/nba/player/_/id/4397103/louis-king
furkan korkmaz,https://www.espn.com/nba/player/_/id/3929325/furkan-korkmaz
tyrese maxey,https://www.espn.com/nba/player/_/id/4431678/tyrese-maxey
de'anthony melton,https://www.espn.com/nba/player/_/id/4066436/deanthony-melton
shake milton,https://www.espn.com/nba/player/_/id/3915195/shake-milton
georges niang,https://www.espn.com/nba/player/_/id/2990969/georges-niang
paul reed,https://www.espn.com/nba/player/_/id/4278562/paul-reed
jaden springer,https://www.espn.com/nba/player/_/id/4432164/jaden-springer
matisse thybulle,https://www.espn.com/nba/player/_/id/3907498/matisse-thybulle
p.j. tucker,https://www.espn.com/nba/player/_/id/3033/pj-tucker
precious achiuwa,https://www.espn.com/nba/player/_/id/4431679/precious-achiuwa
o.g. anunoby,https://www.espn.com/nba/player/_/id/3934719/og-anunoby
dalano banton,https://www.espn.com/nba/player/_/id/4397885/dalano-banton
scottie barnes,https://www.espn.com/nba/player/_/id/4433134/scottie-barnes
khem birch,https://www.espn.com/nba/player/_/id/2578240/khem-birch
chris boucher,https://www.espn.com/nba/player/_/id/3948153/chris-boucher
justin champagnie,https://www.espn.com/nba/player/_/id/4432907/justin-champagnie
jeff dowtin jr.,https://www.espn.com/nba/player/_/id/4066786/jeff-dowtin-jr
malachi flynn,https://www.espn.com/nba/player/_/id/4066668/malachi-flynn
ron harper jr.,https://www.espn.com/nba/player/_/id/4397251/ron-harper-jr
juancho hernangomez,https://www.espn.com/nba/player/_/id/4017839/juancho-hernangomez
christian koloko,https://www.espn.com/nba/player/_/id/4431778/christian-koloko
otto porter jr.,https://www.espn.com/nba/player/_/id/2594922/otto-porter-jr
pascal siakam,https://www.espn.com/nba/player/_/id/3149673/pascal-siakam
gary trent jr.,https://www.espn.com/nba/player/_/id/4277843/gary-trent-jr
fred vanvleet,https://www.espn.com/nba/player/_/id/2991230/fred-vanvleet
thaddeus young,https://www.espn.com/nba/player/_/id/3244/thaddeus-young
patrick baldwin jr.,https://www.espn.com/nba/player/_/id/4433246/patrick-baldwin-jr
stephen curry,https://www.espn.com/nba/player/_/id/3975/stephen-curry
donte divincenzo,https://www.espn.com/nba/player/_/id/3934673/donte-divincenzo
draymond green,https://www.espn.com/nba/player/_/id/6589/draymond-green
jamychal green,https://www.espn.com/nba/player/_/id/2327577/jamychal-green
andre iguodala,https://www.espn.com/nba/player/_/id/2386/andre-iguodala
ty jerome,https://www.espn.com/nba/player/_/id/4065733/ty-jerome
jonathan kuminga,https://www.espn.com/nba/player/_/id/4433247/jonathan-kuminga
anthony lamb,https://www.espn.com/nba/player/_/id/4066790/anthony-lamb
kevon looney,https://www.espn.com/nba/player/_/id/3155535/kevon-looney
moses moody,https://www.espn.com/nba/player/_/id/4432171/moses-moody
jordan poole,https://www.espn.com/nba/player/_/id/4277956/jordan-poole
ryan rollins,https://www.espn.com/nba/player/_/id/4591725/ryan-rollins
klay thompson,https://www.espn.com/nba/player/_/id/6475/klay-thompson
andrew wiggins,https://www.espn.com/nba/player/_/id/3059319/andrew-wiggins
james wiseman,https://www.espn.com/nba/player/_/id/4432808/james-wiseman
nicolas batum,https://www.espn.com/nba/player/_/id/3416/nicolas-batum
brandon boston jr.,https://www.espn.com/nba/player/_/id/4432162/brandon-boston-jr
moses brown,https://www.espn.com/nba/player/_/id/4397126/moses-brown
amir coffey,https://www.espn.com/nba/player/_/id/4066387/amir-coffey
robert covington,https://www.espn.com/nba/player/_/id/2490620/robert-covington
moussa diabate,https://www.espn.com/nba/player/_/id/4433249/moussa-diabate
paul george,https://www.espn.com/nba/player/_/id/4251/paul-george
reggie jackson,https://www.espn.com/nba/player/_/id/6443/reggie-jackson
luke kennard,https://www.espn.com/nba/player/_/id/3913174/luke-kennard
kawhi leonard,https://www.espn.com/nba/player/_/id/6450/kawhi-leonard
terance mann,https://www.espn.com/nba/player/_/id/3907823/terance-mann
marcus morris sr.,https://www.espn.com/nba/player/_/id/6462/marcus-morris-sr
norman powell,https://www.espn.com/nba/player/_/id/2595516/norman-powell
jason preston,https://www.espn.com/nba/player/_/id/4397916/jason-preston
john wall,https://www.espn.com/nba/player/_/id/4237/john-wall
ivica zubac,https://www.espn.com/nba/player/_/id/4017837/ivica-zubac
patrick beverley,https://www.espn.com/nba/player/_/id/3964/patrick-beverley
troy brown jr.,https://www.espn.com/nba/player/_/id/4278508/troy-brown-jr
thomas bryant,https://www.espn.com/nba/player/_/id/3934723/thomas-bryant
max christie,https://www.espn.com/nba/player/_/id/4432582/max-christie
anthony davis,https://www.espn.com/nba/player/_/id/6583/anthony-davis
wenyen gabriel,https://www.espn.com/nba/player/_/id/4066264/wenyen-gabriel
lebron james,https://www.espn.com/nba/player/_/id/1966/lebron-james
damian jones,https://www.espn.com/nba/player/_/id/3064559/damian-jones
kendrick nunn,https://www.espn.com/nba/player/_/id/3056247/kendrick-nunn
scotty pippen jr.,https://www.espn.com/nba/player/_/id/4431785/scotty-pippen-jr
austin reaves,https://www.espn.com/nba/player/_/id/4066457/austin-reaves
dennis schroder,https://www.espn.com/nba/player/_/id/3032979/dennis-schroder
cole swider,https://www.espn.com/nba/player/_/id/4397134/cole-swider
juan toscano-anderson,https://www.espn.com/nba/player/_/id/4401416/juan-toscano-anderson
lonnie walker iv,https://www.espn.com/nba/player/_/id/4277890/lonnie-walker-iv
russell westbrook,https://www.espn.com/nba/player/_/id/3468/russell-westbrook
deandre ayton,https://www.espn.com/nba/player/_/id/4278129/deandre-ayton
bismack biyombo,https://www.espn.com/nba/player/_/id/6427/bismack-biyombo
devin booker,https://www.espn.com/nba/player/_/id/3136193/devin-booker
mikal bridges,https://www.espn.com/nba/player/_/id/3147657/mikal-bridges
torrey craig,https://www.espn.com/nba/player/_/id/2528693/torrey-craig
jae crowder,https://www.espn.com/nba/player/_/id/6581/jae-crowder
cameron johnson,https://www.espn.com/nba/player/_/id/3138196/cameron-johnson
jock landale,https://www.espn.com/nba/player/_/id/3146557/jock-landale
damion lee,https://www.espn.com/nba/player/_/id/2595209/damion-lee
josh okogie,https://www.espn.com/nba/player/_/id/4065663/josh-okogie
chris paul,https://www.espn.com/nba/player/_/id/2779/chris-paul
cameron payne,https://www.espn.com/nba/player/_/id/3064230/cameron-payne
dario saric,https://www.espn.com/nba/player/_/id/3032978/dario-saric
landry shamet,https://www.espn.com/nba/player/_/id/3914044/landry-shamet
ish wainright,https://www.espn.com/nba/player/_/id/3059307/ish-wainright
duane washington jr.,https://www.espn.com/nba/player/_/id/4397235/duane-washington-jr
harrison barnes,https://www.espn.com/nba/player/_/id/6578/harrison-barnes
terence davis,https://www.espn.com/nba/player/_/id/3919454/terence-davis
matthew dellavedova,https://www.espn.com/nba/player/_/id/2489716/matthew-dellavedova
keon ellis,https://www.espn.com/nba/player/_/id/4702177/keon-ellis
de'aaron fox,https://www.espn.com/nba/player/_/id/4066259/deaaron-fox
richaun holmes,https://www.espn.com/nba/player/_/id/2993370/richaun-holmes
kevin huerter,https://www.espn.com/nba/player/_/id/4066372/kevin-huerter
alex len,https://www.espn.com/nba/player/_/id/2596107/alex-len
trey lyles,https://www.espn.com/nba/player/_/id/3136196/trey-lyles
chimezie metu,https://www.espn.com/nba/player/_/id/3914283/chimezie-metu
davion mitchell,https://www.espn.com/nba/player/_/id/4278053/davion-mitchell
chima moneke,https://www.espn.com/nba/player/_/id/3919347/chima-moneke
malik monk,https://www.espn.com/nba/player/_/id/4066262/malik-monk
keegan murray,https://www.espn.com/nba/player/_/id/4594327/keegan-murray
kz okpala,https://www.espn.com/nba/player/_/id/4278521/kz-okpala
neemias queta,https://www.espn.com/nba/player/_/id/4397424/neemias-queta
domantas sabonis,https://www.espn.com/nba/player/_/id/3155942/domantas-sabonis
lonzo ball,https://www.espn.com/nba/player/_/id/4066421/lonzo-ball
tony bradley,https://www.espn.com/nba/player/_/id/4065673/tony-bradley
alex caruso,https://www.espn.com/nba/player/_/id/2991350/alex-caruso
demar derozan,https://www.espn.com/nba/player/_/id/3978/demar-derozan
ayo dosunmu,https://www.espn.com/nba/player/_/id/4397002/ayo-dosunmu
goran dragic,https://www.espn.com/nba/player/_/id/3423/goran-dragic
andre drummond,https://www.espn.com/nba/player/_/id/6585/andre-drummond
javonte green,https://www.espn.com/nba/player/_/id/2596112/javonte-green
malcolm hill,https://www.espn.com/nba/player/_/id/3056245/malcolm-hill
carlik jones,https://www.espn.com/nba/player/_/id/4067735/carlik-jones
derrick jones jr.,https://www.espn.com/nba/player/_/id/3936099/derrick-jones-jr
zach lavine,https://www.espn.com/nba/player/_/id/3064440/zach-lavine
marko simonovic,https://www.espn.com/nba/player/_/id/4683622/marko-simonovic
dalen terry,https://www.espn.com/nba/player/_/id/4433159/dalen-terry
nikola vucevic,https://www.espn.com/nba/player/_/id/6478/nikola-vucevic
coby white,https://www.espn.com/nba/player/_/id/4395651/coby-white
patrick williams,https://www.espn.com/nba/player/_/id/4431687/patrick-williams
jarrett allen,https://www.espn.com/nba/player/_/id/4066328/jarrett-allen
mamadi diakite,https://www.espn.com/nba/player/_/id/3947156/mamadi-diakite
darius garland,https://www.espn.com/nba/player/_/id/4396907/darius-garland
caris levert,https://www.espn.com/nba/player/_/id/2991043/caris-levert
robin lopez,https://www.espn.com/nba/player/_/id/3447/robin-lopez
kevin love,https://www.espn.com/nba/player/_/id/3449/kevin-love
donovan mitchell,https://www.espn.com/nba/player/_/id/3908809/donovan-mitchell
evan mobley,https://www.espn.com/nba/player/_/id/4432158/evan-mobley
isaiah mobley,https://www.espn.com/nba/player/_/id/4432815/isaiah-mobley
raul neto,https://www.espn.com/nba/player/_/id/2968361/raul-neto
isaac okoro,https://www.espn.com/nba/player/_/id/4432822/isaac-okoro
cedi osman,https://www.espn.com/nba/player/_/id/3893016/cedi-osman
ricky rubio,https://www.espn.com/nba/player/_/id/4011/ricky-rubio
lamar stevens,https://www.espn.com/nba/player/_/id/4066405/lamar-stevens
dean wade,https://www.espn.com/nba/player/_/id/3912848/dean-wade
dylan windler,https://www.espn.com/nba/player/_/id/3906786/dylan-windler
marvin bagley iii,https://www.espn.com/nba/player/_/id/4277848/marvin-bagley-iii
saddiq bey,https://www.espn.com/nba/player/_/id/4397136/saddiq-bey
buddy boeheim,https://www.espn.com/nba/player/_/id/4395676/buddy-boeheim
bojan bogdanovic,https://www.espn.com/nba/player/_/id/3593/bojan-bogdanovic
alec burks,https://www.espn.com/nba/player/_/id/6429/alec-burks
cade cunningham,https://www.espn.com/nba/player/_/id/4432166/cade-cunningham
hamidou diallo,https://www.espn.com/nba/player/_/id/4080610/hamidou-diallo
jalen duren,https://www.espn.com/nba/player/_/id/4433621/jalen-duren
killian hayes,https://www.espn.com/nba/player/_/id/4683024/killian-hayes
jaden ivey,https://www.espn.com/nba/player/_/id/4433218/jaden-ivey
cory joseph,https://www.espn.com/nba/player/_/id/6446/cory-joseph
kevin knox ii,https://www.espn.com/nba/player/_/id/4278075/kevin-knox-ii
isaiah livers,https://www.espn.com/nba/player/_/id/4277957/isaiah-livers
rodney mcgruder,https://www.espn.com/nba/player/_/id/2488826/rodney-mcgruder
nerlens noel,https://www.espn.com/nba/player/_/id/2991280/nerlens-noel
jared rhoden,https://www.espn.com/nba/player/_/id/4397119/jared-rhoden
isaiah stewart,https://www.espn.com/nba/player/_/id/4432810/isaiah-stewart
goga bitadze,https://www.espn.com/nba/player/_/id/4348700/goga-bitadze
oshae brissett,https://www.espn.com/nba/player/_/id/4278031/oshae-brissett
kendall brown,https://www.espn.com/nba/player/_/id/4433254/kendall-brown
chris duarte,https://www.espn.com/nba/player/_/id/4592402/chris-duarte
tyrese haliburton,https://www.espn.com/nba/player/_/id/4396993/tyrese-haliburton
buddy hield,https://www.espn.com/nba/player/_/id/2990984/buddy-hield
isaiah jackson,https://www.espn.com/nba/player/_/id/4432170/isaiah-jackson
james johnson,https://www.espn.com/nba/player/_/id/3999/james-johnson
bennedict mathurin,https://www.espn.com/nba/player/_/id/4683634/bennedict-mathurin
t.j. mcconnell,https://www.espn.com/nba/player/_/id/2530530/tj-mcconnell
andrew nembhard,https://www.espn.com/nba/player/_/id/4395712/andrew-nembhard
aaron nesmith,https://www.espn.com/nba/player/_/id/4396909/aaron-nesmith
trevelin queen,https://www.espn.com/nba/player/_/id/4409222/trevelin-queen
jalen smith,https://www.espn.com/nba/player/_/id/4397189/jalen-smith
terry taylor,https://www.espn.com/nba/player/_/id/4279815/terry-taylor
daniel theis,https://www.espn.com/nba/player/_/id/2451037/daniel-theis
myles turner,https://www.espn.com/nba/player/_/id/3133628/myles-turner
grayson allen,https://www.espn.com/nba/player/_/id/3135045/grayson-allen
giannis antetokounmpo,https://www.espn.com/nba/player/_/id/3032977/giannis-antetokounmpo
thanasis antetokounmpo,https://www.espn.com/nba/player/_/id/3102533/thanasis-antetokounmpo
marjon beauchamp,https://www.espn.com/nba/player/_/id/4432179/marjon-beauchamp
jevon carter,https://www.espn.com/nba/player/_/id/3133635/jevon-carter
pat connaughton,https://www.espn.com/nba/player/_/id/2578239/pat-connaughton
aj green,https://www.espn.com/nba/player/_/id/4397475/aj-green
george hill,https://www.espn.com/nba/player/_/id/3438/george-hill
jrue holiday,https://www.espn.com/nba/player/_/id/3995/jrue-holiday
serge ibaka,https://www.espn.com/nba/player/_/id/3439/serge-ibaka
joe ingles,https://www.espn.com/nba/player/_/id/2968436/joe-ingles
brook lopez,https://www.espn.com/nba/player/_/id/3448/brook-lopez
sandro mamukelashvili,https://www.espn.com/nba/player/_/id/4278580/sandro-mamukelashvili
wesley matthews,https://www.espn.com/nba/player/_/id/4032/wesley-matthews
khris middleton,https://www.espn.com/nba/player/_/id/6609/khris-middleton
jordan nwora,https://www.espn.com/nba/player/_/id/4277883/jordan-nwora
bobby portis,https://www.espn.com/nba/player/_/id/3064482/bobby-portis
davis bertans,https://www.espn.com/nba/player/_/id/6426/davis-bertans
reggie bullock,https://www.espn.com/nba/player/_/id/2528779/reggie-bullock
spencer dinwiddie,https://www.espn.com/nba/player/_/id/2580782/spencer-dinwiddie
luka doncic,https://www.espn.com/nba/player/_/id/3945274/luka-doncic
dorian finney-smith,https://www.espn.com/nba/player/_/id/2578185/dorian-finney-smith
josh green,https://www.espn.com/nba/player/_/id/4432811/josh-green
tim hardaway jr.,https://www.espn.com/nba/player/_/id/2528210/tim-hardaway-jr
jaden hardy,https://www.espn.com/nba/player/_/id/4868423/jaden-hardy
maxi kleber,https://www.espn.com/nba/player/_/id/2960236/maxi-kleber
a.j. lawson,https://www.espn.com/nba/player/_/id/4067017/aj-lawson
javale mcgee,https://www.espn.com/nba/player/_/id/3452/javale-mcgee
frank ntilikina,https://www.espn.com/nba/player/_/id/4230547/frank-ntilikina
theo pinson,https://www.espn.com/nba/player/_/id/3138154/theo-pinson
dwight powell,https://www.espn.com/nba/player/_/id/2531367/dwight-powell
kemba walker,https://www.espn.com/nba/player/_/id/6479/kemba-walker
christian wood,https://www.espn.com/nba/player/_/id/3058254/christian-wood
mckinley wright iv,https://www.espn.com/nba/player/_/id/4278507/mckinley-wright-iv
josh christopher,https://www.espn.com/nba/player/_/id/4432168/josh-christopher
darius days,https://www.espn.com/nba/player/_/id/4396978/darius-days
tari eason,https://www.espn.com/nba/player/_/id/4433192/tari-eason
bruno fernando,https://www.espn.com/nba/player/_/id/4277952/bruno-fernando
usman garuba,https://www.espn.com/nba/player/_/id/4871143/usman-garuba
eric gordon,https://www.espn.com/nba/player/_/id/3431/eric-gordon
jalen green,https://www.espn.com/nba/player/_/id/4437244/jalen-green
trevor hudgins,https://www.espn.com/nba/player/_/id/5075393/trevor-hudgins
boban marjanovic,https://www.espn.com/nba/player/_/id/4376/boban-marjanovic
kenyon martin jr.,https://www.espn.com/nba/player/_/id/4431828/kenyon-martin-jr
garrison mathews,https://www.espn.com/nba/player/_/id/3913180/garrison-mathews
daishen nix,https://www.espn.com/nba/player/_/id/4432176/daishen-nix
kevin porter jr.,https://www.espn.com/nba/player/_/id/4397140/kevin-porter-jr
alperen sengun,https://www.espn.com/nba/player/_/id/4871144/alperen-sengun
jabari smith jr.,https://www.espn.com/nba/player/_/id/4432639/jabari-smith-jr
jae'sean tate,https://www.espn.com/nba/player/_/id/3136777/jaesean-tate
tyty washington jr.,https://www.espn.com/nba/player/_/id/4683749/tyty-washington-jr
steven adams,https://www.espn.com/nba/player/_/id/2991235/steven-adams
santi aldama,https://www.espn.com/nba/player/_/id/4593125/santi-aldama
desmond bane,https://www.espn.com/nba/player/_/id/4066320/desmond-bane
dillon brooks,https://www.espn.com/nba/player/_/id/3155526/dillon-brooks
kennedy chandler,https://www.espn.com/nba/player/_/id/4432646/kennedy-chandler
brandon clarke,https://www.espn.com/nba/player/_/id/3906665/brandon-clarke
danny green,https://www.espn.com/nba/player/_/id/3988/danny-green
jaren jackson jr.,https://www.espn.com/nba/player/_/id/4277961/jaren-jackson-jr
tyus jones,https://www.espn.com/nba/player/_/id/3135046/tyus-jones
john konchar,https://www.espn.com/nba/player/_/id/3134932/john-konchar
jake laravia,https://www.espn.com/nba/player/_/id/4592691/jake-laravia
kenneth lofton jr.,https://www.espn.com/nba/player/_/id/4585610/kenneth-lofton-jr
ja morant,https://www.espn.com/nba/player/_/id/4279888/ja-morant
david roddy,https://www.espn.com/nba/player/_/id/4593041/david-roddy
xavier tillman,https://www.espn.com/nba/player/_/id/4277964/xavier-tillman
ziaire williams,https://www.espn.com/nba/player/_/id/4433137/ziaire-williams
vince williams jr.,https://www.espn.com/nba/player/_/id/4397227/vince-williams-jr
jose alvarado,https://www.espn.com/nba/player/_/id/4277869/jose-alvarado
dyson daniels,https://www.espn.com/nba/player/_/id/4869342/dyson-daniels
devonte' graham,https://www.espn.com/nba/player/_/id/3133601/devonte-graham
jaxson hayes,https://www.espn.com/nba/player/_/id/4397077/jaxson-hayes
willy hernangomez,https://www.espn.com/nba/player/_/id/2999409/willy-hernangomez
brandon ingram,https://www.espn.com/nba/player/_/id/3913176/brandon-ingram
herbert jones,https://www.espn.com/nba/player/_/id/4277813/herbert-jones
kira lewis jr.,https://www.espn.com/nba/player/_/id/4395698/kira-lewis-jr
e.j. liddell,https://www.espn.com/nba/player/_/id/4432821/ej-liddell
naji marshall,https://www.espn.com/nba/player/_/id/4278594/naji-marshall
cj mccollum,https://www.espn.com/nba/player/_/id/2490149/cj-mccollum
trey murphy iii,https://www.espn.com/nba/player/_/id/4397688/trey-murphy-iii
larry nance jr.,https://www.espn.com/nba/player/_/id/2580365/larry-nance-jr
dereon seabron,https://www.espn.com/nba/player/_/id/4431811/dereon-seabron
garrett temple,https://www.espn.com/nba/player/_/id/4023/garrett-temple
jonas valanciunas,https://www.espn.com/nba/player/_/id/6477/jonas-valanciunas
zion williamson,https://www.espn.com/nba/player/_/id/4395628/zion-williamson
dominick barlow,https://www.espn.com/nba/player/_/id/4870562/dominick-barlow
charles bassey,https://www.espn.com/nba/player/_/id/4397886/charles-bassey
keita bates-diop,https://www.espn.com/nba/player/_/id/3136779/keita-bates-diop
malaki branham,https://www.espn.com/nba/player/_/id/4565201/malaki-branham
zach collins,https://www.espn.com/nba/player/_/id/4066650/zach-collins
gorgui dieng,https://www.espn.com/nba/player/_/id/2534781/gorgui-dieng
keldon johnson,https://www.espn.com/nba/player/_/id/4395723/keldon-johnson
stanley johnson,https://www.espn.com/nba/player/_/id/3134881/stanley-johnson
tre jones,https://www.espn.com/nba/player/_/id/4395626/tre-jones
romeo langford,https://www.espn.com/nba/player/_/id/4397008/romeo-langford
doug mcdermott,https://www.espn.com/nba/player/_/id/2528588/doug-mcdermott
jakob poeltl,https://www.espn.com/nba/player/_/id/3134908/jakob-poeltl
josh richardson,https://www.espn.com/nba/player/_/id/2581190/josh-richardson
isaiah roby,https://www.espn.com/nba/player/_/id/4066392/isaiah-roby
jeremy sochan,https://www.espn.com/nba/player/_/id/4610139/jeremy-sochan
devin vassell,https://www.espn.com/nba/player/_/id/4395630/devin-vassell
blake wesley,https://www.espn.com/nba/player/_/id/4683935/blake-wesley
bogdan bogdanovic,https://www.espn.com/nba/player/_/id/3037789/bogdan-bogdanovic
clint capela,https://www.espn.com/nba/player/_/id/3102529/clint-capela
john collins,https://www.espn.com/nba/player/_/id/3908845/john-collins
jarrett culver,https://www.espn.com/nba/player/_/id/4277928/jarrett-culver
trent forrest,https://www.espn.com/nba/player/_/id/4065656/trent-forrest
aj griffin,https://www.espn.com/nba/player/_/id/4432585/aj-griffin
aaron holiday,https://www.espn.com/nba/player/_/id/3922230/aaron-holiday
justin holiday,https://www.espn.com/nba/player/_/id/2284101/justin-holiday
de'andre hunter,https://www.espn.com/nba/player/_/id/4065732/deandre-hunter
jalen johnson,https://www.espn.com/nba/player/_/id/4701230/jalen-johnson
frank kaminsky,https://www.espn.com/nba/player/_/id/2579294/frank-kaminsky
vit krejci,https://www.espn.com/nba/player/_/id/4578893/vit-krejci
tyrese martin,https://www.espn.com/nba/player/_/id/4397179/tyrese-martin
dejounte murray,https://www.espn.com/nba/player/_/id/3907497/dejounte-murray
onyeka okongwu,https://www.espn.com/nba/player/_/id/4431680/onyeka-okongwu
trae young,https://www.espn.com/nba/player/_/id/4277905/trae-young
lamelo ball,https://www.espn.com/nba/player/_/id/4432816/lamelo-ball
james bouknight,https://www.espn.com/nba/player/_/id/4431712/james-bouknight
gordon hayward,https://www.espn.com/nba/player/_/id/4249/gordon-hayward
kai jones,https://www.espn.com/nba/player/_/id/4431699/kai-jones
theo maledon,https://www.espn.com/nba/player/_/id/4683027/theo-maledon
cody martin,https://www.espn.com/nba/player/_/id/3138161/cody-martin
jalen mcdaniels,https://www.espn.com/nba/player/_/id/4066731/jalen-mcdaniels
bryce mcgowens,https://www.espn.com/nba/player/_/id/4576086/bryce-mcgowens
kelly oubre jr.,https://www.espn.com/nba/player/_/id/3133603/kelly-oubre-jr
mason plumlee,https://www.espn.com/nba/player/_/id/2488653/mason-plumlee
nick richards,https://www.espn.com/nba/player/_/id/4278076/nick-richards
terry rozier,https://www.espn.com/nba/player/_/id/3074752/terry-rozier
dennis smith jr.,https://www.espn.com/nba/player/_/id/4065697/dennis-smith-jr
jt thor,https://www.espn.com/nba/player/_/id/4702233/jt-thor
p.j. washington,https://www.espn.com/nba/player/_/id/4278078/pj-washington
mark williams,https://www.espn.com/nba/player/_/id/4701232/mark-williams
bam adebayo,https://www.espn.com/nba/player/_/id/4066261/bam-adebayo
jimmy butler,https://www.espn.com/nba/player/_/id/6430/jimmy-butler
jamal cain,https://www.espn.com/nba/player/_/id/4278572/jamal-cain
dewayne dedmon,https://www.espn.com/nba/player/_/id/2580913/dewayne-dedmon
udonis haslem,https://www.espn.com/nba/player/_/id/2184/udonis-haslem
tyler herro,https://www.espn.com/nba/player/_/id/4395725/tyler-herro
haywood highsmith,https://www.espn.com/nba/player/_/id/4291678/haywood-highsmith
nikola jovic,https://www.espn.com/nba/player/_/id/4997528/nikola-jovic
kyle lowry,https://www.espn.com/nba/player/_/id/3012/kyle-lowry
caleb martin,https://www.espn.com/nba/player/_/id/3138160/caleb-martin
victor oladipo,https://www.espn.com/nba/player/_/id/2527963/victor-oladipo
duncan robinson,https://www.espn.com/nba/player/_/id/3157465/duncan-robinson
orlando robinson,https://www.espn.com/nba/player/_/id/4593049/orlando-robinson
dru smith,https://www.espn.com/nba/player/_/id/4066993/dru-smith
max strus,https://www.espn.com/nba/player/_/id/4065778/max-strus
gabe vincent,https://www.espn.com/nba/player/_/id/3137259/gabe-vincent
omer yurtseven,https://www.espn.com/nba/player/_/id/3074213/omer-yurtseven
cole anthony,https://www.espn.com/nba/player/_/id/4432809/cole-anthony
mo bamba,https://www.espn.com/nba/player/_/id/4277919/mo-bamba
paolo banchero,https://www.espn.com/nba/player/_/id/4432573/paolo-banchero
bol bol,https://www.espn.com/nba/player/_/id/4397102/bol-bol
wendell carter jr.,https://www.espn.com/nba/player/_/id/4277847/wendell-carter-jr
markelle fultz,https://www.espn.com/nba/player/_/id/4066636/markelle-fultz
r.j. hampton,https://www.espn.com/nba/player/_/id/4590530/rj-hampton
gary harris,https://www.espn.com/nba/player/_/id/2999547/gary-harris
kevon harris,https://www.espn.com/nba/player/_/id/4067858/kevon-harris
caleb houstan,https://www.espn.com/nba/player/_/id/4433623/caleb-houstan
jonathan isaac,https://www.espn.com/nba/player/_/id/4065654/jonathan-isaac
chuma okeke,https://www.espn.com/nba/player/_/id/4278052/chuma-okeke
terrence ross,https://www.espn.com/nba/player/_/id/6619/terrence-ross
admiral schofield,https://www.espn.com/nba/player/_/id/3918423/admiral-schofield
jalen suggs,https://www.espn.com/nba/player/_/id/4432165/jalen-suggs
franz wagner,https://www.espn.com/nba/player/_/id/4566434/franz-wagner
moritz wagner,https://www.espn.com/nba/player/_/id/3150844/moritz-wagner
deni avdija,https://www.espn.com/nba/player/_/id/4683021/deni-avdija
will barton,https://www.espn.com/nba/player/_/id/6579/will-barton
bradley beal,https://www.espn.com/nba/player/_/id/6580/bradley-beal
vernon carey jr.,https://www.espn.com/nba/player/_/id/4431669/vernon-carey-jr
johnny davis,https://www.espn.com/nba/player/_/id/4432356/johnny-davis
devon dotson,https://www.espn.com/nba/player/_/id/4397016/devon-dotson
daniel gafford,https://www.espn.com/nba/player/_/id/4278049/daniel-gafford
taj gibson,https://www.espn.com/nba/player/_/id/3986/taj-gibson
anthony gill,https://www.espn.com/nba/player/_/id/2581184/anthony-gill
jordan goodwin,https://www.espn.com/nba/player/_/id/4278402/jordan-goodwin
rui hachimura,https://www.espn.com/nba/player/_/id/4066648/rui-hachimura
corey kispert,https://www.espn.com/nba/player/_/id/4280151/corey-kispert
kyle kuzma,https://www.espn.com/nba/player/_/id/3134907/kyle-kuzma
monte morris,https://www.espn.com/nba/player/_/id/3059310/monte-morris
kristaps porzingis,https://www.espn.com/nba/player/_/id/3102531/kristaps-porzingis
isaiah todd,https://www.espn.com/nba/player/_/id/4715198/isaiah-todd
delon wright,https://www.espn.com/nba/player/_/id/3064447/delon-wright
christian braun,https://www.espn.com/nba/player/_/id/4431767/christian-braun
bruce brown,https://www.espn.com/nba/player/_/id/4065670/bruce-brown
kentavious caldwell-pope,https://www.espn.com/nba/player/_/id/2581018/kentavious-caldwell-pope
vlatko cancar,https://www.espn.com/nba/player/_/id/4230557/vlatko-cancar
collin gillespie,https://www.espn.com/nba/player/_/id/4278585/collin-gillespie
aaron gordon,https://www.espn.com/nba/player/_/id/3064290/aaron-gordon
jeff green,https://www.espn.com/nba/player/_/id/3209/jeff-green
bones hyland,https://www.espn.com/nba/player/_/id/4592492/bones-hyland
nikola jokic,https://www.espn.com/nba/player/_/id/3112335/nikola-jokic
deandre jordan,https://www.espn.com/nba/player/_/id/3442/deandre-jordan
jamal murray,https://www.espn.com/nba/player/_/id/3936299/jamal-murray
zeke nnaji,https://www.espn.com/nba/player/_/id/4431690/zeke-nnaji
michael porter jr.,https://www.espn.com/nba/player/_/id/4278104/michael-porter-jr
davon reed,https://www.espn.com/nba/player/_/id/3059262/davon-reed
ish smith,https://www.espn.com/nba/player/_/id/4305/ish-smith
peyton watson,https://www.espn.com/nba/player/_/id/4576087/peyton-watson
jack white,https://www.espn.com/nba/player/_/id/4065653/jack-white
kyle anderson,https://www.espn.com/nba/player/_/id/2993874/kyle-anderson
anthony edwards,https://www.espn.com/nba/player/_/id/4594268/anthony-edwards
bryn forbes,https://www.espn.com/nba/player/_/id/2994526/bryn-forbes
luka garza,https://www.espn.com/nba/player/_/id/4277951/luka-garza
rudy gobert,https://www.espn.com/nba/player/_/id/3032976/rudy-gobert
nathan knight,https://www.espn.com/nba/player/_/id/4067325/nathan-knight
jaden mcdaniels,https://www.espn.com/nba/player/_/id/4431671/jaden-mcdaniels
jordan mclaughlin,https://www.espn.com/nba/player/_/id/3134916/jordan-mclaughlin
josh minott,https://www.espn.com/nba/player/_/id/4687718/josh-minott
wendell moore jr.,https://www.espn.com/nba/player/_/id/4592187/wendell-moore-jr
jaylen nowell,https://www.espn.com/nba/player/_/id/4278541/jaylen-nowell
taurean prince,https://www.espn.com/nba/player/_/id/2990962/taurean-prince
naz reid,https://www.espn.com/nba/player/_/id/4396971/naz-reid
austin rivers,https://www.espn.com/nba/player/_/id/6617/austin-rivers
d'angelo russell,https://www.espn.com/nba/player/_/id/3136776/dangelo-russell
matt ryan,https://www.espn.com/nba/player/_/id/3908336/matt-ryan
karl-anthony towns,https://www.espn.com/nba/player/_/id/3136195/karl-anthony-towns
darius bazley,https://www.espn.com/nba/player/_/id/4423545/darius-bazley
ousmane dieng,https://www.espn.com/nba/player/_/id/4997526/ousmane-dieng
luguentz dort,https://www.espn.com/nba/player/_/id/4397020/luguentz-dort
josh giddey,https://www.espn.com/nba/player/_/id/4871145/josh-giddey
shai gilgeous-alexander,https://www.espn.com/nba/player/_/id/4278073/shai-gilgeous-alexander
chet holmgren,https://www.espn.com/nba/player/_/id/4433255/chet-holmgren
isaiah joe,https://www.espn.com/nba/player/_/id/4395702/isaiah-joe
tre mann,https://www.espn.com/nba/player/_/id/4432819/tre-mann
mike muscala,https://www.espn.com/nba/player/_/id/2490089/mike-muscala
eugene omoruyi,https://www.espn.com/nba/player/_/id/4066410/eugene-omoruyi
aleksej pokusevski,https://www.espn.com/nba/player/_/id/4683018/aleksej-pokusevski
jeremiah robinson-earl,https://www.espn.com/nba/player/_/id/4432813/jeremiah-robinson-earl
lindy waters iii,https://www.espn.com/nba/player/_/id/4066317/lindy-waters-iii
aaron wiggins,https://www.espn.com/nba/player/_/id/4397183/aaron-wiggins
jalen williams,https://www.espn.com/nba/player/_/id/4593803/jalen-williams
jaylin williams,https://www.espn.com/nba/player/_/id/4432823/jaylin-williams
kenrich williams,https://www.espn.com/nba/player/_/id/3133626/kenrich-williams
ibou badji,https://www.espn.com/nba/player/_/id/4871140/ibou-badji
greg brown iii,https://www.espn.com/nba/player/_/id/4432161/greg-brown-iii
john butler jr.,https://www.espn.com/nba/player/_/id/4432588/john-butler-jr
drew eubanks,https://www.espn.com/nba/player/_/id/3914285/drew-eubanks
jerami grant,https://www.espn.com/nba/player/_/id/2991070/jerami-grant
josh hart,https://www.espn.com/nba/player/_/id/3062679/josh-hart
keon johnson,https://www.espn.com/nba/player/_/id/4432192/keon-johnson
damian lillard,https://www.espn.com/nba/player/_/id/6606/damian-lillard
nassir little,https://www.espn.com/nba/player/_/id/4395652/nassir-little
jusuf nurkic,https://www.espn.com/nba/player/_/id/3102530/jusuf-nurkic
gary payton ii,https://www.espn.com/nba/player/_/id/3134903/gary-payton-ii
shaedon sharpe,https://www.espn.com/nba/player/_/id/4914336/shaedon-sharpe
anfernee simons,https://www.espn.com/nba/player/_/id/4351851/anfernee-simons
jabari walker,https://www.espn.com/nba/player/_/id/4432446/jabari-walker
trendon watford,https://www.espn.com/nba/player/_/id/4431675/trendon-watford
justise winslow,https://www.espn.com/nba/player/_/id/3135047/justise-winslow
ochai agbaji,https://www.espn.com/nba/player/_/id/4397018/ochai-agbaji
nickeil alexander-walker,https://www.espn.com/nba/player/_/id/4278039/nickeil-alexander-walker
udoka azubuike,https://www.espn.com/nba/player/_/id/4066299/udoka-azubuike
malik beasley,https://www.espn.com/nba/player/_/id/3907822/malik-beasley
leandro bolmaro,https://www.espn.com/nba/player/_/id/4683025/leandro-bolmaro
jordan clarkson,https://www.espn.com/nba/player/_/id/2528426/jordan-clarkson
mike conley,https://www.espn.com/nba/player/_/id/3195/mike-conley
simone fontecchio,https://www.espn.com/nba/player/_/id/3899664/simone-fontecchio
rudy gay,https://www.espn.com/nba/player/_/id/3005/rudy-gay
talen horton-tucker,https://www.espn.com/nba/player/_/id/4396991/talen-horton-tucker
johnny juzang,https://www.espn.com/nba/player/_/id/4432817/johnny-juzang
walker kessler,https://www.espn.com/nba/player/_/id/4433136/walker-kessler
lauri markkanen,https://www.espn.com/nba/player/_/id/4066336/lauri-markkanen
kelly olynyk,https://www.espn.com/nba/player/_/id/2489663/kelly-olynyk
micah potter,https://www.espn.com/nba/player/_/id/4066399/micah-potter
collin sexton,https://www.espn.com/nba/player/_/id/4277811/collin-sexton
jarred vanderbilt,https://www.espn.com/nba/player/_/id/4278077/jarred-vanderbilt
